#gene1	gene2	strand1(gene/fusion)	strand2(gene/fusion)	breakpoint1	breakpoint2	site1	site2	type	split_reads1	split_reads2	discordant_mates	coverage1	coverage2	confidence	reading_frame	tags	retained_protein_domains	closest_genomic_breakpoint1	closest_genomic_breakpoint2	gene_id1	gene_id2	transcript_id1	transcript_id2	direction1	direction2	filters	fusion_transcript	peptide_sequence	read_identifiers
PRB3	ZNF217	-/-	-/-	chr12:11268633	chr20:53583168	CDS/splice-site	5'UTR/splice-site	translocation	42	21	60	5907	988	high	out-of-frame	.	.	.	.	ENSG00000197870.12	ENSG00000171940.14	ENST00000538488.2	ENST00000540425.1	upstream	downstream	duplicates(285),mismappers(1),mismatches(1)	GCAAGATGCTACTGATTCTGCTGTCGGTGGCCCTGCTGGCCCTGAGCTCAGCTCAGAGCTTAAATGAAG___ATGTCAGCCAGGAAGAATCTCCCTCCGTAATATCAG|GGTTTGGAAATCCCTTGTCTCCAGGTTGCTGGGATTGACTTCTTGCTCAATTGAAACACTCATTCAATGGAGACAAAGAGAACTAATGCTTTGTGCTGATTCATATTTGAATCGAGGCATTGGGAACCCTGTATGCCTTGTTTGTGGAAAGAACCAGTGACACCATCACTGAGCTTCCTAAAAGTTCGAAGAAGTTAGAGG	MLLILLSVALLALSSAQSLNEDVSQEESPSVIS|gfgnplspgcwd*	SRR3056923.100082676,SRR3056923.100162944,SRR3056923.100562336,SRR3056923.101052918,SRR3056923.101865517,SRR3056923.103037276,SRR3056923.1104397,SRR3056923.11671332,SRR3056923.13100955,SRR3056923.13224355,SRR3056923.13734924,SRR3056923.17087703,SRR3056923.17825225,SRR3056923.1981425,SRR3056923.20034122,SRR3056923.20871649,SRR3056923.20909217,SRR3056923.21909564,SRR3056923.22404217,SRR3056923.22643356,SRR3056923.2296889,SRR3056923.23660009,SRR3056923.23803418,SRR3056923.24047575,SRR3056923.25708966,SRR3056923.25868700,SRR3056923.26380335,SRR3056923.26874614,SRR3056923.27072522,SRR3056923.27508788,SRR3056923.2767087,SRR3056923.2774166,SRR3056923.27983212,SRR3056923.28714725,SRR3056923.29999383,SRR3056923.30268491,SRR3056923.3060436,SRR3056923.30612014,SRR3056923.31255248,SRR3056923.32218713,SRR3056923.32475691,SRR3056923.34160152,SRR3056923.348711,SRR3056923.34957061,SRR3056923.36097952,SRR3056923.37928436,SRR3056923.37948638,SRR3056923.38068745,SRR3056923.38125649,SRR3056923.39139463,SRR3056923.39624197,SRR3056923.40976877,SRR3056923.42354266,SRR3056923.42438971,SRR3056923.42719389,SRR3056923.43053413,SRR3056923.43838797,SRR3056923.44806075,SRR3056923.45458478,SRR3056923.45795102,SRR3056923.46699522,SRR3056923.4685122,SRR3056923.46889932,SRR3056923.48636264,SRR3056923.48931608,SRR3056923.50331096,SRR3056923.50960417,SRR3056923.51075333,SRR3056923.51364882,SRR3056923.51587317,SRR3056923.51786098,SRR3056923.52101449,SRR3056923.52129648,SRR3056923.52253431,SRR3056923.52874260,SRR3056923.53074719,SRR3056923.5310479,SRR3056923.53310748,SRR3056923.53456071,SRR3056923.53467752,SRR3056923.53918139,SRR3056923.53919595,SRR3056923.55436281,SRR3056923.55942780,SRR3056923.5598498,SRR3056923.56390021,SRR3056923.57218515,SRR3056923.57506758,SRR3056923.57611036,SRR3056923.57962687,SRR3056923.58411340,SRR3056923.60224062,SRR3056923.61362210,SRR3056923.61804224,SRR3056923.62954799,SRR3056923.63291276,SRR3056923.64379294,SRR3056923.64475022,SRR3056923.65805856,SRR3056923.66495363,SRR3056923.66739257,SRR3056923.66972560,SRR3056923.67586576,SRR3056923.6774406,SRR3056923.69246826,SRR3056923.69259649,SRR3056923.6956983,SRR3056923.69723444,SRR3056923.70955533,SRR3056923.7157862,SRR3056923.71679768,SRR3056923.71819882,SRR3056923.72922093,SRR3056923.73546382,SRR3056923.74681345,SRR3056923.74859928,SRR3056923.75028521,SRR3056923.75396572,SRR3056923.7691355,SRR3056923.77143912,SRR3056923.77282259,SRR3056923.77630870,SRR3056923.77855129,SRR3056923.78999187,SRR3056923.80261819,SRR3056923.8034272,SRR3056923.80458915,SRR3056923.81364809,SRR3056923.8170835,SRR3056923.82034129,SRR3056923.82219462,SRR3056923.83864395,SRR3056923.8511703,SRR3056923.85390426,SRR3056923.85809215,SRR3056923.87577457,SRR3056923.88970113,SRR3056923.89830928,SRR3056923.90710712,SRR3056923.9234054,SRR3056923.92580632,SRR3056923.92729862,SRR3056923.93635311,SRR3056923.93753404,SRR3056923.94128939,SRR3056923.94743014,SRR3056923.95628519,SRR3056923.9615888,SRR3056923.96502324,SRR3056923.98102786,SRR3056923.99653755,SRR3056923.100693973,SRR3056923.101859848,SRR3056923.102630525,SRR3056923.102935161,SRR3056923.1177633,SRR3056923.12449685,SRR3056923.12785341,SRR3056923.13521110,SRR3056923.16258384,SRR3056923.19738494,SRR3056923.20534585,SRR3056923.23510774,SRR3056923.24661823,SRR3056923.24903973,SRR3056923.28728940,SRR3056923.29602628,SRR3056923.3204556,SRR3056923.3292010,SRR3056923.33936806,SRR3056923.33940072,SRR3056923.34345659,SRR3056923.34931731,SRR3056923.3591163,SRR3056923.36922572,SRR3056923.40753276,SRR3056923.41309473,SRR3056923.43054451,SRR3056923.43455201,SRR3056923.46349131,SRR3056923.46963219,SRR3056923.47085063,SRR3056923.47936919,SRR3056923.50933049,SRR3056923.51688289,SRR3056923.51697878,SRR3056923.522048,SRR3056923.53292105,SRR3056923.54695713,SRR3056923.55182858,SRR3056923.55955717,SRR3056923.5710371,SRR3056923.62322051,SRR3056923.62922945,SRR3056923.63032448,SRR3056923.65265113,SRR3056923.65833922,SRR3056923.66490328,SRR3056923.67076920,SRR3056923.71622963,SRR3056923.72208401,SRR3056923.74697641,SRR3056923.74772687,SRR3056923.75952055,SRR3056923.76195923,SRR3056923.77251278,SRR3056923.77634510,SRR3056923.79061609,SRR3056923.79475740,SRR3056923.79976236,SRR3056923.80141370,SRR3056923.80226618,SRR3056923.8103060,SRR3056923.8249436,SRR3056923.82826105,SRR3056923.82970344,SRR3056923.83651092,SRR3056923.84525402,SRR3056923.84967310,SRR3056923.86192998,SRR3056923.87257533,SRR3056923.88710204,SRR3056923.89201350,SRR3056923.89619863,SRR3056923.90352971,SRR3056923.97452602,SRR3056923.97565719,SRR3056923.97870388,SRR3056923.98909560,SRR3056923.101554941,SRR3056923.102065545,SRR3056923.10235868,SRR3056923.102779417,SRR3056923.102975067,SRR3056923.103088952,SRR3056923.10778692,SRR3056923.1127736,SRR3056923.11523688,SRR3056923.12902682,SRR3056923.12987596,SRR3056923.13164389,SRR3056923.13331466,SRR3056923.14413560,SRR3056923.14839855,SRR3056923.15117735,SRR3056923.15540768,SRR3056923.15599243,SRR3056923.16374815,SRR3056923.16816684,SRR3056923.16977481,SRR3056923.1726530,SRR3056923.17296468,SRR3056923.17473042,SRR3056923.1787863,SRR3056923.1827607,SRR3056923.18734239,SRR3056923.20094791,SRR3056923.22209500,SRR3056923.23915266,SRR3056923.24189350,SRR3056923.24578962,SRR3056923.2586909,SRR3056923.26541941,SRR3056923.27192252,SRR3056923.27339734,SRR3056923.28338480,SRR3056923.2885181,SRR3056923.29800582,SRR3056923.3156731,SRR3056923.31939767,SRR3056923.32583373,SRR3056923.34680573,SRR3056923.35777528,SRR3056923.36011867,SRR3056923.36468659,SRR3056923.36716067,SRR3056923.3676306,SRR3056923.37023871,SRR3056923.37349562,SRR3056923.37688941,SRR3056923.38290669,SRR3056923.38681506,SRR3056923.3917769,SRR3056923.40617503,SRR3056923.40630894,SRR3056923.40966318,SRR3056923.40969734,SRR3056923.4175475,SRR3056923.41872892,SRR3056923.4215249,SRR3056923.4256952,SRR3056923.4422971,SRR3056923.46865773,SRR3056923.46992773,SRR3056923.47017802,SRR3056923.47057132,SRR3056923.47495452,SRR3056923.48267914,SRR3056923.48763184,SRR3056923.48948634,SRR3056923.49181707,SRR3056923.49841775,SRR3056923.50152328,SRR3056923.51599150,SRR3056923.51764055,SRR3056923.519254,SRR3056923.52345079,SRR3056923.5315834,SRR3056923.53615102,SRR3056923.544815,SRR3056923.54946554,SRR3056923.55086769,SRR3056923.56379646,SRR3056923.56989783,SRR3056923.57789131,SRR3056923.58003862,SRR3056923.59523389,SRR3056923.59899368,SRR3056923.59919771,SRR3056923.60103071,SRR3056923.6011023,SRR3056923.60340734,SRR3056923.60359339,SRR3056923.60403923,SRR3056923.62145836,SRR3056923.62269014,SRR3056923.63024331,SRR3056923.63631991,SRR3056923.63637436,SRR3056923.63776156,SRR3056923.64102466,SRR3056923.65327302,SRR3056923.65502933,SRR3056923.6561379,SRR3056923.66565323,SRR3056923.66601067,SRR3056923.67413031,SRR3056923.6793273,SRR3056923.68192176,SRR3056923.69099561,SRR3056923.69123453,SRR3056923.69850998,SRR3056923.70529717,SRR3056923.70841847,SRR3056923.71158692,SRR3056923.71394513,SRR3056923.71659253,SRR3056923.72954605,SRR3056923.73075843,SRR3056923.73102323,SRR3056923.737137,SRR3056923.74053409,SRR3056923.74231179,SRR3056923.75202759,SRR3056923.75320214,SRR3056923.7538769,SRR3056923.75596260,SRR3056923.7609968,SRR3056923.76666243,SRR3056923.769299,SRR3056923.77327296,SRR3056923.77461449,SRR3056923.77764187,SRR3056923.78332315,SRR3056923.78695769,SRR3056923.78935463,SRR3056923.78964575,SRR3056923.79546153,SRR3056923.79675310,SRR3056923.79687364,SRR3056923.79738690,SRR3056923.80273546,SRR3056923.80448241,SRR3056923.8085591,SRR3056923.81256342,SRR3056923.81639133,SRR3056923.82851409,SRR3056923.83539732,SRR3056923.84056717,SRR3056923.8430291,SRR3056923.85802432,SRR3056923.85803022,SRR3056923.85900590,SRR3056923.86243354,SRR3056923.86318612,SRR3056923.86328272,SRR3056923.86466564,SRR3056923.86770399,SRR3056923.86909318,SRR3056923.87640130,SRR3056923.87887939,SRR3056923.89146532,SRR3056923.89411214,SRR3056923.89916131,SRR3056923.90011219,SRR3056923.91361973,SRR3056923.92869995,SRR3056923.93316721,SRR3056923.93527363,SRR3056923.93563138,SRR3056923.94691903,SRR3056923.95450439,SRR3056923.96943352,SRR3056923.97414124,SRR3056923.97885673,SRR3056923.98567531,SRR3056923.98830206,SRR3056923.9909464,SRR3056923.9917725,SRR3056923.99931670
PRB3	ZNF217	-/-	-/-	chr12:11269606	chr20:53583168	CDS/splice-site	5'UTR/splice-site	translocation	0	1	9	4866	988	medium	out-of-frame	.	.	.	.	ENSG00000197870.12	ENSG00000171940.14	ENST00000538488.2	ENST00000540425.1	upstream	downstream	duplicates(24)	TTGGGAGTGACTCCAGAGCCTCCAGCAAGATGCTACTGATTCTGCTGTCGGTGGCCCTGCTGGCCCTGAGCTCAGCTCAGAGCTTAAATGAAG|GGTTTGGAAATCCCTTGTCTCCAGGTTGCTGGGATTGACTTCTTGCTCAATTGAAACACTCATTCAATGGAGACAAAGAGAACTAATGCTTTGTGCTGATTCATATTTGAATCGAGGCATTGGGAACCCTGTATGCCTTGTTTGTGGAAAGAACCAGTGACACCATCACTGAGCTTCCTAAAAGTTCGAAGAAGTTAGA	MLLILLSVALLALSSAQSLNE|gfgnplspgcwd*	SRR3056923.1848284,SRR3056923.92840435,SRR3056923.103088952,SRR3056923.11523688,SRR3056923.12902682,SRR3056923.16374815,SRR3056923.1787863,SRR3056923.27192252,SRR3056923.2885181,SRR3056923.36716067,SRR3056923.41872892,SRR3056923.47017802,SRR3056923.50152328,SRR3056923.53615102,SRR3056923.60340734,SRR3056923.62145836,SRR3056923.68192176,SRR3056923.69099561,SRR3056923.69850998,SRR3056923.70841847,SRR3056923.71659253,SRR3056923.73075843,SRR3056923.77764187,SRR3056923.78332315,SRR3056923.85802432,SRR3056923.85803022,SRR3056923.86243354,SRR3056923.86466564,SRR3056923.87640130,SRR3056923.89146532,SRR3056923.89411214,SRR3056923.93563138,SRR3056923.96943352,SRR3056923.99931670
ZNF217	PRB3	-/-	-/-	chr20:53593756	chr12:11268148	5'UTR/splice-site	CDS/splice-site	translocation	0	4	0	14	7630	medium	.	.	.	.	.	ENSG00000171940.14	ENSG00000197870.12	ENST00000371471.7	ENST00000538488.2	upstream	downstream	duplicates(2)	CGCGCGAGGAAATGGCCGAGGAGCCGGAGCCGCAG|GAAAGCCAGAAGGACGACGCCCACAAGGAGGAAACCAGCCCCAACGTACCCCACCTCCTCCAGGAAAGCCAGAAGGACGACCCCCACAAGGAGGCAACCAGTCCCAAGGTCCCCCACCTCGTCCAGGAAAGCCAGAAGGACCACCCCCACAAGGAGGAAACCAGTCCCAAGGTCCCCCcCCTCGTCCGGGAAAGCCAG	.	SRR3056923.103093080,SRR3056923.24977036,SRR3056923.47920295,SRR3056923.6814173,SRR3056923.70379127,SRR3056923.81534671
ASPSCR1	GALNS	+/+	-/-	chr17:81985607	chr16:88814525	CDS/splice-site	CDS/splice-site	translocation	1	0	1	45	13	high	out-of-frame	.	.	.	.	ENSG00000169696.16	ENSG00000141012.13	ENST00000306729.11	ENST00000268695.10	downstream	downstream	duplicates(8)	CGTGCTCGACCTTTCTCTCCAGTGGAGATTTGCCAACCTGCCCAACAATGCCAAGCTGGAGATGGTGCCCGCTTC...CGATGGCTCGAGGTTGCAGGACTCTTTCTGTTCAGGCCAGACCCTCTGGGAGCTTCTCAGCCATTTTCCACAGATCAG|AACTGGGCACCTCCGGGCTGTGAAAAGTTAGGGAAGTGTCTGACACCTCCAGAATCCATTCCCAAGAAGTGCCTCTGGTCCCACTAGCACCTGCG	DGSRLQDSFCSGQTLWELLSHFPQIr|tghlravks*	SRR3056923.24741967,SRR3056923.16448648,SRR3056923.25283221,SRR3056923.46169191,SRR3056923.58259747,SRR3056923.7372501,SRR3056923.73791757,SRR3056923.77761963,SRR3056923.81250520,SRR3056923.93594251
PRB1	AL627171.2	-/.	-/.	chr12:11353948	chr14:49862799	CDS	exon	translocation/3'-3'	0	31	16	65535	65535	medium	.	.	.	.	.	ENSG00000251655.6	ENSG00000282885.2	.	.	downstream	downstream	duplicates(71),mismatches(1)	.	.	SRR3056923.100599131,SRR3056923.101667237,SRR3056923.102737733,SRR3056923.1052721,SRR3056923.11831872,SRR3056923.13183367,SRR3056923.13301188,SRR3056923.15426752,SRR3056923.17039639,SRR3056923.17760639,SRR3056923.17993432,SRR3056923.1833848,SRR3056923.19342714,SRR3056923.19492547,SRR3056923.20262167,SRR3056923.24360211,SRR3056923.25304036,SRR3056923.27255921,SRR3056923.27785737,SRR3056923.27993688,SRR3056923.29654719,SRR3056923.30372384,SRR3056923.34895597,SRR3056923.36629742,SRR3056923.37985716,SRR3056923.38264164,SRR3056923.3866823,SRR3056923.40366783,SRR3056923.40777010,SRR3056923.40832294,SRR3056923.41175386,SRR3056923.4221408,SRR3056923.42767800,SRR3056923.44936811,SRR3056923.45021482,SRR3056923.46565430,SRR3056923.46949436,SRR3056923.47239966,SRR3056923.47392388,SRR3056923.47613852,SRR3056923.49806377,SRR3056923.51082672,SRR3056923.51744878,SRR3056923.52561388,SRR3056923.52641928,SRR3056923.57112021,SRR3056923.57919961,SRR3056923.58187615,SRR3056923.60068962,SRR3056923.6079136,SRR3056923.61530823,SRR3056923.61906827,SRR3056923.62449829,SRR3056923.62956971,SRR3056923.6443035,SRR3056923.64745790,SRR3056923.65076845,SRR3056923.66160273,SRR3056923.66454435,SRR3056923.69248520,SRR3056923.7072246,SRR3056923.72382782,SRR3056923.73141473,SRR3056923.74599807,SRR3056923.74831420,SRR3056923.75696676,SRR3056923.76547434,SRR3056923.7852333,SRR3056923.78539233,SRR3056923.79462776,SRR3056923.80015390,SRR3056923.81685594,SRR3056923.82849526,SRR3056923.83583377,SRR3056923.84906230,SRR3056923.8757712,SRR3056923.87691029,SRR3056923.89902007,SRR3056923.92857979,SRR3056923.93992639,SRR3056923.95098077,SRR3056923.96841397,SRR3056923.97868508,SRR3056923.99395499,SRR3056923.100067581,SRR3056923.102601481,SRR3056923.1078484,SRR3056923.1151280,SRR3056923.14911256,SRR3056923.16224627,SRR3056923.20958397,SRR3056923.21169455,SRR3056923.2404719,SRR3056923.26136612,SRR3056923.28861334,SRR3056923.31500863,SRR3056923.33834222,SRR3056923.36335581,SRR3056923.37925132,SRR3056923.38197423,SRR3056923.42303166,SRR3056923.4946723,SRR3056923.53088404,SRR3056923.54260614,SRR3056923.56488061,SRR3056923.58737508,SRR3056923.63416231,SRR3056923.64102008,SRR3056923.67316304,SRR3056923.72719893,SRR3056923.80525338,SRR3056923.81038568,SRR3056923.81456778,SRR3056923.82599732,SRR3056923.82608798,SRR3056923.83630655,SRR3056923.90890314,SRR3056923.96413155
AL627171.2	PRB4	-/+	-/-	chr14:49862799	chr12:11308702	exon	CDS	translocation/3'-3'	14	0	16	65535	65535	medium	.	.	.	.	.	ENSG00000282885.2	ENSG00000230657.8	.	ENST00000279575.7	downstream	downstream	duplicates(25)	GCTATGTTGCTCAGGCTGGAGTGCAGTGGCTATTCACAGGCGCGATCCCACTACTGATCAGCACGGGAGTTTTGACCTGCTCCGTTTCCGACCTGGGCCGGTTCACCCCTCCTTAGGCAACCTGGTGGTCCCCCGCTCCCGGGAGGTCACCATATTGATGCCGAACTTAGTGCGGACACCCGATCGGCATAGCGCACTACAGCCCAGAACTCCTGGGCTCAAGCGATCCTCCCAC|CTCATCCAGGAAAGCCAGAAAGACCACCCCCACAAGGAGGAAACCAGTCCCAAGGTACCCCAC___...AGGAAAGCCAGAAAGACCACCCCC?CAAGGAGGCAACCAGTCCCACCGTCCCCCACCTCCTCCAGGAAAGCCAGAAAGACCACCCCCACAAGGAGGcAACCAG...GGTCCCCCACCTCATCCAGGAAAGCCAGAAGGACCACCCCCACAGGAAGGAAACAAGTCCCGAAGTGCCCGA	.	SRR3056923.10766785,SRR3056923.16433100,SRR3056923.18591276,SRR3056923.23678546,SRR3056923.24651031,SRR3056923.24887701,SRR3056923.2580401,SRR3056923.30621193,SRR3056923.39569046,SRR3056923.4064458,SRR3056923.43874979,SRR3056923.48663363,SRR3056923.51602047,SRR3056923.53957968,SRR3056923.59695484,SRR3056923.61135254,SRR3056923.69490216,SRR3056923.740466,SRR3056923.79421998,SRR3056923.79631163,SRR3056923.84957583,SRR3056923.85441355,SRR3056923.88372884,SRR3056923.93296929,SRR3056923.95496613,SRR3056923.97647889,SRR3056923.98189430,SRR3056923.102146525,SRR3056923.19455816,SRR3056923.21846055,SRR3056923.26092318,SRR3056923.26965183,SRR3056923.30853277,SRR3056923.37568547,SRR3056923.37875259,SRR3056923.4186031,SRR3056923.45329866,SRR3056923.46329031,SRR3056923.58406578,SRR3056923.60395409,SRR3056923.6075302,SRR3056923.63534533,SRR3056923.75080251,SRR3056923.77905989,SRR3056923.80252630,SRR3056923.81620659,SRR3056923.81665969,SRR3056923.838166,SRR3056923.88131071,SRR3056923.88892235,SRR3056923.9018128,SRR3056923.90386788,SRR3056923.93363549,SRR3056923.93382366,SRR3056923.97801478
PRB4	PRH1	-/-	-/-	chr12:11308221	chr12:10882657	3'UTR/splice-site	CDS/splice-site	deletion	0	1	14	22098	65535	medium	stop-codon	.	.	.	.	ENSG00000230657.8	ENSG00000231887.7	ENST00000279575.7	ENST00000538332.2	upstream	downstream	duplicates(24),mismatches(18)	GGACCACCCCCACAGGAAGGAAACAAGTCCCGAAGTGCCCGATCTCCTCCAGGAAAGCCACAAGGACCACCCCAACAAGAAGGCAACAAGCCTCAAGGTCCCCCACCTCCTGGAAAGCCACAAGGCCCACCCCCAcCAGGAGGCAATCCCCAGCAGCCTCAGGCACCTCCTGCTGGAAAGCCCCAGGGGCCACCTCCACCTCCTCAAGGGGGCAGGCCACCCAGACCTGCCCAGGGACAgCAGtCTCCtCAGTAATCTAGGATTCAATGACAG|GGACCACCTTTGGGAGGACAGCAATCTCAACCCTCTGCTGGTGATGGGAAC...TGGCCCTCAGCAGGGACCACCCCAACAAGGAGGCCAGCAGCAACAAGGTCCACCACCTCCTCAGGGAAAGCCACAAGGACCACCCCAACAAGGAGGCCAGCAGCAACAAGGTCCACCACCTCCTCAGGGAAAGCCACAAGGACCACCCCAACAGGGAGGCCATCCCCCTCCTCCTCAAGGAAGGCCACAAGGACCACCCCAACAGGGAGGCCA	.	SRR3056923.28028799,SRR3056923.50827887,SRR3056923.70357458,SRR3056923.100179169,SRR3056923.102789204,SRR3056923.11271464,SRR3056923.12264911,SRR3056923.1280603,SRR3056923.13667232,SRR3056923.17962353,SRR3056923.18032606,SRR3056923.21264684,SRR3056923.22285895,SRR3056923.23070843,SRR3056923.23940789,SRR3056923.24315331,SRR3056923.25309505,SRR3056923.27406753,SRR3056923.27523302,SRR3056923.28742321,SRR3056923.28983068,SRR3056923.29960336,SRR3056923.30212331,SRR3056923.31464822,SRR3056923.36040584,SRR3056923.40950442,SRR3056923.40988739,SRR3056923.44578724,SRR3056923.47946976,SRR3056923.48866843,SRR3056923.51251744,SRR3056923.5201329,SRR3056923.55905992,SRR3056923.58576496,SRR3056923.58706883,SRR3056923.62220392,SRR3056923.66351850,SRR3056923.67612013,SRR3056923.68353203,SRR3056923.72713205,SRR3056923.73221960,SRR3056923.77137006,SRR3056923.78035436,SRR3056923.79387963,SRR3056923.79957391,SRR3056923.80269847,SRR3056923.80658120,SRR3056923.82217376,SRR3056923.83066171,SRR3056923.8335004,SRR3056923.83663630,SRR3056923.8384112,SRR3056923.84668320,SRR3056923.86925917,SRR3056923.88046017,SRR3056923.90165309,SRR3056923.99040420
PRB4	PRH1	-/-	-/-	chr12:11308221	chr12:10882342	3'UTR/splice-site	CDS	deletion	0	0	2	22098	65535	medium	stop-codon	.	.	.	.	ENSG00000230657.8	ENSG00000231887.7	ENST00000279575.7	ENST00000543626.4	upstream	downstream	duplicates(2),mismappers(3),mismatches(2)	CAAGAAGGCAACAAGCCTCAAGGTCCCCCACCTCCTGGAAAGCtACAAGGCCCACCCCCAcCAGGAGGCAATCCC...GGCCACCTCCACCTCCTCAAGGGGGCAGGCCACCCAGACCTGCCCAGGGACAgCAGtCTtCtCAGTAATCTAGGATTCAATGACAG|G?AGGCCATCAGCAAGGTCCTCCCCCACCTCCTCCTGGAAAGCCCCAGGGACCACCTCCCCAAGGGGGCCGCCCACAAGGACCTCCACAGGGGCAGTCTCCTCAGTAATCTAGGATTCAATGACAG___GAAGTGAATAAGAAGAT	.	SRR3056923.28679546,SRR3056923.45503249,SRR3056923.5536396,SRR3056923.77750395,SRR3056923.84873606,SRR3056923.100179169,SRR3056923.27406753,SRR3056923.47946976,SRR3056923.66351850
LLPH	AL603840.1	-/-	+/+	chr12:66130705	chr1:56070300	5'UTR/splice-site	exon/splice-site	translocation	0	3	0	7	62	medium	.	.	.	.	.	ENSG00000139233.7	ENSG00000234810.4	ENST00000266604.7	ENST00000646266.1	upstream	upstream	duplicates(6)	GTGAGCGTGAGGTGTGGGTGTTCGTTTCTCAG|GCATCCATGTCCTCCAGGATATAAAGGAAGAAGTTGAGGGATGGATGCAGAGTcTACTATTCTCCACCATTACAAATTGGGCACCTTTGCTTTTGAATGAGTGACCACAGCCCTGG	.	SRR3056923.102113003,SRR3056923.17126862,SRR3056923.32041842,SRR3056923.65927710,SRR3056923.73016643,SRR3056923.73714799,SRR3056923.85074929,SRR3056923.88532893,SRR3056923.90304785
NR5A2	KLHL29	+/.	+/.	chr1:200098424	chr2:23475386	intron	intron	translocation/3'-3'	2	0	1	8	8	medium	.	.	.	.	.	ENSG00000116833.14	ENSG00000119771.15	.	.	upstream	upstream	duplicates(2),mismatches(1)	.	.	SRR3056923.28042144,SRR3056923.90544259,SRR3056923.6611999,SRR3056923.44414288,SRR3056923.68014214
CHMP3	TRMT44	-/+	+/+	chr2:86504223	chr4:8446477	3'UTR	CDS/splice-site	translocation/3'-3'	2	0	0	58	107	medium	.	.	.	.	.	ENSG00000115561.16	ENSG00000155275.19	.	ENST00000389737.5	downstream	upstream	.	GATTAGGGAAGAAAGGGATGAACAGGTGAAGCATAGAGAAGTTTTAGGGCAGTGAAACTATTCTGTATGATTCTA...CCATACAATGTACAACACCAGA|TGTCCTCAATGGAACCATAACGTTTTTGCCTTTGGAAGAAGATGATGAGGGG	.	SRR3056923.23271003,SRR3056923.72610537
PCDHA11	PCDHAC1	+/+	+/+	chr5:140871494	chr5:140978949	CDS	CDS/splice-site	deletion/read-through	2	1	1	3	14	low	in-frame	.	.	.	.	ENSG00000249158.7	ENSG00000248383.5	ENST00000616325.1	ENST00000253807.3	downstream	upstream	duplicates(3),mismappers(1)	CATACTCGCAGCAGAGGCGGCAGAGGGTGTGCTCTGAGGAGGGCCCACCTAAGACGGACCTCATGGCCTTCAGCCCCAGTCTTCCTCTAGGTCTGAATAAAGAGGAGGAAGGGGAAAGACAGGAGCCAGGGTCAAATCACCCCGGACAG|CCACGACAGCCCAACCCTGACTGGCGTTACTCTGCCTCCCTGAGAGCAGGCATGCACAG___CTCTGTGCACCTAGAGGAGGCTGGC	YSQQRRQRVCSEEGPPKTDLMAFSPSLPLGLNKEEEGERQEPGSNHPGQ|PRQPNPDWRYSASLRAGMHSSVHLEEA	SRR3056923.18452943,SRR3056923.30701315,SRR3056923.31096560,SRR3056923.45359008,SRR3056923.6407982,SRR3056923.71088706,SRR3056923.15330729,SRR3056923.30292843
PCDHA11	PCDHAC2	+/+	+/+	chr5:140871494	chr5:140978949	CDS	CDS/splice-site	deletion/read-through	2	1	1	3	14	low	in-frame	.	.	.	.	ENSG00000249158.7	ENSG00000243232.6	ENST00000616325.1	ENST00000289269.7	downstream	upstream	duplicates(3),mismappers(1)	CATACTCGCAGCAGAGGCGGCAGAGGGTGTGCTCTGAGGAGGGCCCACCTAAGACGGACCTCATGGCCTTCAGCCCCAGTCTTCCTCTAGGTCTGAATAAAGAGGAGGAAGGGGAAAGACAGGAGCCAGGGTCAAATCACCCCGGACAG|CCACGACAGCCCAACCCTGACTGGCGTTACTCTGCCTCCCTGAGAGCAGGCATGCACAG___CTCTGTGCACCTAGAGGAGGCTGGC	YSQQRRQRVCSEEGPPKTDLMAFSPSLPLGLNKEEEGERQEPGSNHPGQ|PRQPNPDWRYSASLRAGMHSSVHLEEA	SRR3056923.18452943,SRR3056923.30701315,SRR3056923.31096560,SRR3056923.45359008,SRR3056923.6407982,SRR3056923.71088706,SRR3056923.15330729,SRR3056923.30292843
PCDHA11	PCDHA13	+/+	+/+	chr5:140871494	chr5:140978949	CDS	CDS/splice-site	deletion/read-through	2	1	1	3	14	low	in-frame	.	.	.	.	ENSG00000249158.7	ENSG00000239389.8	ENST00000616325.1	ENST00000289272.3	downstream	upstream	duplicates(3),mismappers(1)	CATACTCGCAGCAGAGGCGGCAGAGGGTGTGCTCTGAGGAGGGCCCACCTAAGACGGACCTCATGGCCTTCAGCCCCAGTCTTCCTCTAGGTCTGAATAAAGAGGAGGAAGGGGAAAGACAGGAGCCAGGGTCAAATCACCCCGGACAG|CCACGACAGCCCAACCCTGACTGGCGTTACTCTGCCTCCCTGAGAGCAGGCATGCACAG___CTCTGTGCACCTAGAGGAGGCTGGC	YSQQRRQRVCSEEGPPKTDLMAFSPSLPLGLNKEEEGERQEPGSNHPGQ|PRQPNPDWRYSASLRAGMHSSVHLEEA	SRR3056923.18452943,SRR3056923.30701315,SRR3056923.31096560,SRR3056923.45359008,SRR3056923.6407982,SRR3056923.71088706,SRR3056923.15330729,SRR3056923.30292843
TVP23C	CDRT4	-/-	-/-	chr17:15503098	chr17:15440285	CDS	5'UTR/splice-site	deletion/read-through	1	2	1	26	43	low	out-of-frame	.	.	.	.	ENSG00000175106.17	ENSG00000239704.11	ENST00000225576.7	ENST00000619038.5	upstream	downstream	duplicates(16),mismappers(1)	TCCCGCTTCCGCCTTCCAAAGCGCTGGGATAACAGGCGTGAGCCGCTGCCCGGGCCATCCCTCGAGGAAGTTTCATCAG|GAATCTGAACCTGTGATGTTAAGAAATCAGTAAATATTAAAAAGAAGATGGATGCAAGAAGGATGAAGAAAGAAGAAG___GACTCACAGAAAACACTGGACTTCCCCGGAAGCTACTTGAAAAACATGACCCCTG	PASAFQSAGITGVSRCPGHPSRKFHQ|esepvmlrnq*	SRR3056923.102752036,SRR3056923.231727,SRR3056923.23346249,SRR3056923.25390029,SRR3056923.32928051,SRR3056923.38021228,SRR3056923.45990469,SRR3056923.50403740,SRR3056923.5090359,SRR3056923.51095885,SRR3056923.5473629,SRR3056923.61322241,SRR3056923.69360020,SRR3056923.75765717,SRR3056923.82829167,SRR3056923.85370865,SRR3056923.85872312,SRR3056923.97530492,SRR3056923.45658361,SRR3056923.9617112,SRR3056923.22016017
TVP23C	CDRT4	-/-	-/-	chr17:15540433	chr17:15440285	CDS/splice-site	5'UTR/splice-site	deletion/read-through	1	0	1	134	43	low	out-of-frame	.	.	.	.	ENSG00000175106.17	ENSG00000239704.11	ENST00000428082.6	ENST00000619038.5	upstream	downstream	duplicates(4)	GTGGTTATTATGGGTGTGGTGCTACAAGGTGCCAACCTGTATGGTTACATCAGGTGTAAGGTGCGCAGCAGAAAGCATTTAACCAGCATGGCTACTTCATATTTTGGAAAGCAGTTTTTAAGACAA|GAATCTGAACCTGTGATGTTAAGAAATC...ATTAAAAAGAAGATGGATGCAAGAAGGATGAAGAAAGAAGAAG___GACTCACAGAAAACACTGGACTTCCCCGGAAG	VVIMGVVLQGANLYGYIRCKVRSRKHLTSMATSYFGKQFLRQ|esepvmlrn	SRR3056923.22347754,SRR3056923.24066939,SRR3056923.32090116,SRR3056923.78594660,SRR3056923.90817720,SRR3056923.22016017
TVP23C	CDRT4	-/-	-/-	chr17:15516419	chr17:15440285	3'UTR/splice-site	5'UTR/splice-site	deletion/read-through	0	1	1	46	43	low	.	.	.	.	.	ENSG00000175106.17	ENSG00000239704.11	ENST00000581273.5	ENST00000619038.5	upstream	downstream	duplicates(10)	CTTGGGCTTCCAGTCTCCAGAACT|GAATCTGAACCTGTGATGTTAAGAAATCAGTAAATATTAAAAAGAAGATGGATGCAAGAAGGATGAAGAAAGAAGAAG___GACTCACAGAAAACACTGGACTTCCCCGGAAGCTACTTGAAAAACATGACCCC	.	SRR3056923.100308977,SRR3056923.11034396,SRR3056923.15183703,SRR3056923.38513221,SRR3056923.42626959,SRR3056923.44235739,SRR3056923.47687426,SRR3056923.75409886,SRR3056923.75624302,SRR3056923.82872958,SRR3056923.8637198,SRR3056923.22016017
PCDHGB2	PCDHGC4	+/+	+/+	chr5:141362556	chr5:141494807	CDS	CDS/splice-site	deletion/read-through	2	0	0	13	22	low	in-frame	.	.	.	.	ENSG00000253910.2	ENSG00000242419.5	ENST00000622527.1	ENST00000306593.1	downstream	upstream	duplicates(4),low_entropy(1)	CTGGGGTTCTCCCCAATTACAGTGAGGGTACATTGCCCTATTCCTACAACCTGTGTGTTGCCTCACAATCAGCCA...CCGGAATTGGTTCCCGCGCAAGATCTCGTCTGTGACAATGCCTCTTGGGAACAAAATACAAATCATGGAGCCGCTGGGGTCCCTTTTGCCTCAGATACTATTTTGAAG|CAAGCCCCGCCCAACACGGACTGGCGTTTCTCTCAG	PELVPAQDLVCDNASWEQNTNHGAAGVPFASDTILK|QAPPNTDWRFS	SRR3056923.17260142,SRR3056923.31378869,SRR3056923.45364347,SRR3056923.52683951,SRR3056923.56727885,SRR3056923.76555344,SRR3056923.83414103
DGKG	ATP6V0A2	-/-	+/+	chr3:186105834	chr12:123754437	exon	CDS	translocation	2	0	0	143	28	low	.	.	.	.	.	ENSG00000058866.15	ENSG00000185344.15	ENST00000447054.5	ENST00000330342.8	upstream	upstream	duplicates(3)	ATTACTCAATGCTGAAACCTCTCAAAGTGGTATTAGAGACGCTGAAAGCACCATGGACGGGTTTTATGATCAGCAAGTCCCTTTTAT|ATTAATGACCCAAGTAATCCATTCCATCGAGTACTGTCTGGGATGCATCTCCAAC	.	SRR3056923.101410653,SRR3056923.23815365,SRR3056923.38920434,SRR3056923.57395074,SRR3056923.72311583
PCDHGB2	PCDHGC5	+/+	+/+	chr5:141362556	chr5:141494807	CDS	CDS/splice-site	deletion/read-through	2	0	0	13	22	low	in-frame	.	.	.	.	ENSG00000253910.2	ENSG00000240764.4	ENST00000622527.1	ENST00000252087.3	downstream	upstream	duplicates(4),low_entropy(1)	CTGGGGTTCTCCCCAATTACAGTGAGGGTACATTGCCCTATTCCTACAACCTGTGTGTTGCCTCACAATCAGCCA...CCGGAATTGGTTCCCGCGCAAGATCTCGTCTGTGACAATGCCTCTTGGGAACAAAATACAAATCATGGAGCCGCTGGGGTCCCTTTTGCCTCAGATACTATTTTGAAG|CAAGCCCCGCCCAACACGGACTGGCGTTTCTCTCAG	PELVPAQDLVCDNASWEQNTNHGAAGVPFASDTILK|QAPPNTDWRFS	SRR3056923.17260142,SRR3056923.31378869,SRR3056923.45364347,SRR3056923.52683951,SRR3056923.56727885,SRR3056923.76555344,SRR3056923.83414103
PCDHGB2	PCDHGC3	+/+	+/+	chr5:141362556	chr5:141494807	CDS	CDS/splice-site	deletion/read-through	2	0	0	13	22	low	in-frame	.	.	.	.	ENSG00000253910.2	ENSG00000240184.7	ENST00000622527.1	ENST00000308177.5	downstream	upstream	duplicates(4),low_entropy(1)	CTGGGGTTCTCCCCAATTACAGTGAGGGTACATTGCCCTATTCCTACAACCTGTGTGTTGCCTCACAATCAGCCA...CCGGAATTGGTTCCCGCGCAAGATCTCGTCTGTGACAATGCCTCTTGGGAACAAAATACAAATCATGGAGCCGCTGGGGTCCCTTTTGCCTCAGATACTATTTTGAAG|CAAGCCCCGCCCAACACGGACTGGCGTTTCTCTCAG	PELVPAQDLVCDNASWEQNTNHGAAGVPFASDTILK|QAPPNTDWRFS	SRR3056923.17260142,SRR3056923.31378869,SRR3056923.45364347,SRR3056923.52683951,SRR3056923.56727885,SRR3056923.76555344,SRR3056923.83414103
